{
    "rmse": 0.7793317537190785,
    "mae": 0.59298488911083,
    "r2": 0.18541043139102154
}